{
    "root_group": {
        "name": "",
        "path": "",
        "id": "d41d8cd98f00b204e9800998ecf8427e",
        "groups": {},
        "checks": {
                "status is 200": {
                    "path": "::status is 200",
                    "id": "6210a8cd14cd70477eba5c5e4cb3fb5f",
                    "passes": 30430,
                    "fails": 0,
                    "name": "status is 200"
                }
            }
    },
    "metrics": {
        "http_req_failed": {
            "passes": 0,
            "fails": 30430,
            "thresholds": {
                "rate==0": false
            },
            "value": 0
        },
        "data_sent": {
            "count": 10133190,
            "rate": 283258.1155925819
        },
        "iterations": {
            "rate": 850.6249717494952,
            "count": 30430
        },
        "http_req_sending": {
            "p(95)": 0.028,
            "p(99)": 0.28925999999999835,
            "max": 6.358,
            "count": 30430,
            "avg": 0.024843904042058492,
            "min": 0.003,
            "med": 0.01,
            "p(90)": 0.021
        },
        "http_req_duration": {
            "max": 11622.294,
            "count": 30430,
            "avg": 494.70322697995493,
            "min": 8.775,
            "med": 452.85299999999995,
            "p(90)": 745.8149,
            "p(95)": 871.2362499999999,
            "p(99)": 1141.4216
        },
        "http_req_blocked": {
            "min": 0,
            "med": 0.003,
            "p(90)": 0.005,
            "p(95)": 0.007,
            "p(99)": 49.95768999999999,
            "max": 132.226,
            "count": 30430,
            "avg": 1.1257295103506373
        },
        "hot_post_latency_ms": {
            "max": 11622.294,
            "count": 30430,
            "avg": 494.70322697995493,
            "min": 8.775,
            "med": 452.85299999999995,
            "p(90)": 745.8149,
            "p(95)": 871.2362499999999,
            "p(99)": 1141.4216
        },
        "http_req_receiving": {
            "max": 21.518,
            "count": 30430,
            "avg": 0.10658705225106535,
            "min": 0.009,
            "med": 0.068,
            "p(90)": 0.204,
            "p(95)": 0.3,
            "p(99)": 0.6707099999999998
        },
        "vus": {
            "value": 1,
            "min": 1,
            "max": 500
        },
        "vus_max": {
            "min": 500,
            "max": 500,
            "value": 500
        },
        "http_req_connecting": {
            "max": 113.095,
            "count": 30430,
            "avg": 0.9753859020703264,
            "min": 0,
            "med": 0,
            "p(90)": 0,
            "p(95)": 0,
            "p(99)": 36.172209999999986
        },
        "http_req_tls_handshaking": {
            "p(90)": 0,
            "p(95)": 0,
            "p(99)": 0,
            "max": 0,
            "count": 30430,
            "avg": 0,
            "min": 0,
            "med": 0
        },
        "data_received": {
            "count": 20935840,
            "rate": 585229.9805636527
        },
        "iteration_duration": {
            "max": 11622.962167,
            "count": 30430,
            "avg": 495.95848990522086,
            "min": 9.227041,
            "med": 453.986938,
            "p(90)": 746.7830417,
            "p(95)": 871.4902856,
            "p(99)": 1141.5858781799998
        },
        "http_req_duration{expected_response:true}": {
            "med": 452.85299999999995,
            "p(90)": 745.8149,
            "p(95)": 871.2362499999999,
            "p(99)": 1141.4216,
            "max": 11622.294,
            "count": 30430,
            "avg": 494.70322697995493,
            "min": 8.775
        },
        "http_req_waiting": {
            "p(99)": 1141.3070599999999,
            "max": 11621.926,
            "count": 30430,
            "avg": 494.5717960236612,
            "min": 8.746,
            "med": 452.7205,
            "p(90)": 745.7148,
            "p(95)": 871.10735
        },
        "checks": {
            "passes": 30430,
            "fails": 0,
            "value": 1
        },
        "http_reqs": {
            "count": 30430,
            "rate": 850.6249717494952
        },
        "hot_post_non_200_rate": {
            "passes": 0,
            "fails": 30430,
            "thresholds": {
                "rate==0": false
            },
            "value": 0
        }
    }
}