{
    "metrics": {
        "http_req_connecting": {
            "min": 0,
            "med": 0,
            "p(90)": 0,
            "p(95)": 0,
            "p(99)": 0.2519399999999998,
            "max": 11.38,
            "count": 27707,
            "avg": 0.03911939221135456
        },
        "hot_post_latency_ms": {
            "min": 4.955,
            "med": 78.829,
            "p(90)": 228.3504,
            "p(95)": 302.2632,
            "p(99)": 530.18612,
            "max": 1211.223,
            "count": 27707,
            "avg": 108.52140729779389
        },
        "http_req_tls_handshaking": {
            "p(90)": 0,
            "p(95)": 0,
            "p(99)": 0,
            "max": 0,
            "count": 27707,
            "avg": 0,
            "min": 0,
            "med": 0
        },
        "vus": {
            "value": 100,
            "min": 100,
            "max": 100
        },
        "http_req_sending": {
            "count": 27707,
            "avg": 0.013210524416211294,
            "min": 0.003,
            "med": 0.01,
            "p(90)": 0.02,
            "p(95)": 0.026,
            "p(99)": 0.067,
            "max": 2.124
        },
        "http_req_receiving": {
            "med": 0.057,
            "p(90)": 0.191,
            "p(95)": 0.284,
            "p(99)": 0.6879399999999997,
            "max": 51.705,
            "count": 27707,
            "avg": 0.1030461616198057,
            "min": 0.009
        },
        "http_req_duration{expected_response:true}": {
            "p(90)": 228.3504,
            "p(95)": 302.2632,
            "p(99)": 530.18612,
            "max": 1211.223,
            "count": 27707,
            "avg": 108.52140729779389,
            "min": 4.955,
            "med": 78.829
        },
        "http_req_waiting": {
            "p(99)": 530.1509199999999,
            "max": 1211.197,
            "count": 27707,
            "avg": 108.40515061175826,
            "min": 4.927,
            "med": 78.726,
            "p(90)": 228.1724,
            "p(95)": 302.1960999999999
        },
        "http_reqs": {
            "rate": 917.971173379333,
            "count": 27707
        },
        "http_req_duration": {
            "p(99)": 530.18612,
            "max": 1211.223,
            "count": 27707,
            "avg": 108.52140729779389,
            "min": 4.955,
            "med": 78.829,
            "p(90)": 228.3504,
            "p(95)": 302.2632
        },
        "checks": {
            "passes": 27707,
            "fails": 0,
            "value": 1
        },
        "hot_post_non_200_rate": {
            "passes": 0,
            "fails": 27707,
            "thresholds": {
                "rate==0": false
            },
            "value": 0
        },
        "data_received": {
            "count": 19056500,
            "rate": 631368.1620349825
        },
        "data_sent": {
            "count": 9226431,
            "rate": 305684.40073531785
        },
        "vus_max": {
            "value": 100,
            "min": 100,
            "max": 100
        },
        "iterations": {
            "count": 27707,
            "rate": 917.971173379333
        },
        "http_req_blocked": {
            "max": 18.785,
            "count": 27707,
            "avg": 0.06152362218929764,
            "min": 0.001,
            "med": 0.003,
            "p(90)": 0.005,
            "p(95)": 0.006,
            "p(99)": 0.295
        },
        "iteration_duration": {
            "p(90)": 228.45665879999999,
            "p(95)": 302.41655009999994,
            "p(99)": 532.1955924999997,
            "max": 1211.333083,
            "count": 27707,
            "avg": 108.70642477103233,
            "min": 5.014833,
            "med": 78.941375
        },
        "http_req_failed": {
            "passes": 0,
            "fails": 27707,
            "thresholds": {
                "rate==0": false
            },
            "value": 0
        }
    },
    "root_group": {
        "name": "",
        "path": "",
        "id": "d41d8cd98f00b204e9800998ecf8427e",
        "groups": {},
        "checks": {
                "status is 200": {
                    "passes": 27707,
                    "fails": 0,
                    "name": "status is 200",
                    "path": "::status is 200",
                    "id": "6210a8cd14cd70477eba5c5e4cb3fb5f"
                }
            }
    }
}