{
    "root_group": {
        "path": "",
        "id": "d41d8cd98f00b204e9800998ecf8427e",
        "groups": {},
        "checks": {
                "status is 200": {
                    "fails": 0,
                    "name": "status is 200",
                    "path": "::status is 200",
                    "id": "6210a8cd14cd70477eba5c5e4cb3fb5f",
                    "passes": 25021
                }
            },
        "name": ""
    },
    "metrics": {
        "data_sent": {
            "count": 8331993,
            "rate": 270145.3212506209
        },
        "hot_post_non_200_rate": {
            "passes": 0,
            "fails": 25021,
            "thresholds": {
                "rate==0": false
            },
            "value": 0
        },
        "http_req_failed": {
            "passes": 0,
            "fails": 25021,
            "thresholds": {
                "rate==0": false
            },
            "value": 0
        },
        "http_req_duration{expected_response:true}": {
            "med": 1147.097,
            "p(90)": 1688.568,
            "p(95)": 1876.68,
            "p(99)": 2233.9695999999994,
            "max": 3406.262,
            "count": 25021,
            "avg": 1210.9866483753588,
            "min": 9.546
        },
        "http_reqs": {
            "count": 25021,
            "rate": 811.2472109628254
        },
        "http_req_duration": {
            "p(90)": 1688.568,
            "p(95)": 1876.68,
            "p(99)": 2233.9695999999994,
            "max": 3406.262,
            "count": 25021,
            "avg": 1210.9866483753588,
            "min": 9.546,
            "med": 1147.097
        },
        "http_req_sending": {
            "max": 4.989,
            "count": 25021,
            "avg": 0.030876983333994704,
            "min": 0.003,
            "med": 0.011,
            "p(90)": 0.025,
            "p(95)": 0.044,
            "p(99)": 0.5987999999999998
        },
        "iteration_duration": {
            "p(95)": 1878.774333,
            "p(99)": 2234.1962498,
            "max": 3406.59075,
            "count": 25021,
            "avg": 1214.9873081175822,
            "min": 9.675708,
            "med": 1150.04275,
            "p(90)": 1693.619291
        },
        "iterations": {
            "count": 25021,
            "rate": 811.2472109628254
        },
        "vus": {
            "value": 1000,
            "min": 1000,
            "max": 1000
        },
        "vus_max": {
            "value": 1000,
            "min": 1000,
            "max": 1000
        },
        "checks": {
            "passes": 25021,
            "fails": 0,
            "value": 1
        },
        "http_req_blocked": {
            "p(99)": 136.1506,
            "max": 228.09,
            "count": 25021,
            "avg": 3.8134312777244497,
            "min": 0.001,
            "med": 0.003,
            "p(90)": 0.006,
            "p(95)": 0.024
        },
        "http_req_waiting": {
            "count": 25021,
            "avg": 1210.8307719915254,
            "min": 9.419,
            "med": 1146.973,
            "p(90)": 1688.246,
            "p(95)": 1876.608,
            "p(99)": 2233.8686,
            "max": 3405.795
        },
        "hot_post_latency_ms": {
            "p(99)": 2233.9695999999994,
            "max": 3406.262,
            "count": 25021,
            "avg": 1210.9866483753588,
            "min": 9.546,
            "med": 1147.097,
            "p(90)": 1688.568,
            "p(95)": 1876.68
        },
        "http_req_connecting": {
            "avg": 3.5128303025458596,
            "min": 0,
            "med": 0,
            "p(90)": 0,
            "p(95)": 0,
            "p(99)": 129.37639999999996,
            "max": 219.466,
            "count": 25021
        },
        "http_req_tls_handshaking": {
            "max": 0,
            "count": 25021,
            "avg": 0,
            "min": 0,
            "med": 0,
            "p(90)": 0,
            "p(95)": 0,
            "p(99)": 0
        },
        "http_req_receiving": {
            "med": 0.073,
            "p(90)": 0.245,
            "p(95)": 0.379,
            "p(99)": 0.887,
            "max": 13.006,
            "count": 25021,
            "avg": 0.12499940050357544,
            "min": 0.009
        },
        "data_received": {
            "count": 17214448,
            "rate": 558138.0811424239
        }
    }
}