{
    "root_group": {
        "name": "",
        "path": "",
        "id": "d41d8cd98f00b204e9800998ecf8427e",
        "groups": {},
        "checks": {
                "status is 200": {
                    "name": "status is 200",
                    "path": "::status is 200",
                    "id": "6210a8cd14cd70477eba5c5e4cb3fb5f",
                    "passes": 14041,
                    "fails": 0
                }
            }
    },
    "metrics": {
        "http_req_connecting": {
            "max": 130.374,
            "count": 14041,
            "avg": 4.874727583505449,
            "min": 0,
            "med": 0,
            "p(90)": 0,
            "p(95)": 42.749,
            "p(99)": 97.381
        },
        "hot_post_latency_ms": {
            "count": 14041,
            "avg": 577.3454560216528,
            "min": 6.087,
            "med": 515.759,
            "p(90)": 927.81,
            "p(95)": 1062.691,
            "p(99)": 1252.8254,
            "max": 1855.693
        },
        "iteration_duration": {
            "max": 1855.844834,
            "count": 14041,
            "avg": 583.0774443838044,
            "min": 6.16825,
            "med": 517.966708,
            "p(90)": 943.831958,
            "p(95)": 1071.137125,
            "p(99)": 1264.7860581999998
        },
        "http_req_sending": {
            "count": 14041,
            "avg": 0.02534392137311994,
            "min": 0.002,
            "med": 0.006,
            "p(90)": 0.022,
            "p(95)": 0.058,
            "p(99)": 0.5055999999999998,
            "max": 3.952
        },
        "iterations": {
            "count": 14041,
            "rate": 1672.5896025464435
        },
        "hot_post_non_200_rate": {
            "passes": 0,
            "fails": 14041,
            "thresholds": {
                "rate==0": false
            },
            "value": 0
        },
        "http_req_failed": {
            "passes": 0,
            "fails": 14041,
            "thresholds": {
                "rate==0": false
            },
            "value": 0
        },
        "http_req_duration{expected_response:true}": {
            "p(90)": 927.81,
            "p(95)": 1062.691,
            "p(99)": 1252.8254,
            "max": 1855.693,
            "count": 14041,
            "avg": 577.3454560216528,
            "min": 6.087,
            "med": 515.759
        },
        "http_req_tls_handshaking": {
            "count": 14041,
            "avg": 0,
            "min": 0,
            "med": 0,
            "p(90)": 0,
            "p(95)": 0,
            "p(99)": 0,
            "max": 0
        },
        "checks": {
            "passes": 14041,
            "fails": 0,
            "value": 1
        },
        "http_reqs": {
            "count": 14041,
            "rate": 1672.5896025464435
        },
        "data_received": {
            "count": 9660208,
            "rate": 1150741.6465519532
        },
        "http_req_duration": {
            "avg": 577.3454560216528,
            "min": 6.087,
            "med": 515.759,
            "p(90)": 927.81,
            "p(95)": 1062.691,
            "p(99)": 1252.8254,
            "max": 1855.693,
            "count": 14041
        },
        "http_req_blocked": {
            "count": 14041,
            "avg": 5.608565985328737,
            "min": 0,
            "med": 0.002,
            "p(90)": 0.007,
            "p(95)": 63.972,
            "p(99)": 126.05899999999998,
            "max": 138.3
        },
        "data_sent": {
            "count": 4675653,
            "rate": 556972.3376479656
        },
        "vus_max": {
            "max": 1000,
            "value": 1000,
            "min": 1000
        },
        "http_req_receiving": {
            "max": 25.187,
            "count": 14041,
            "avg": 0.08433060323338665,
            "min": 0.006,
            "med": 0.037,
            "p(90)": 0.162,
            "p(95)": 0.237,
            "p(99)": 0.6161999999999997
        },
        "http_req_waiting": {
            "max": 1855.648,
            "count": 14041,
            "avg": 577.2357814970449,
            "min": 6.054,
            "med": 515.643,
            "p(90)": 927.736,
            "p(95)": 1062.653,
            "p(99)": 1252.6567999999997
        },
        "vus": {
            "value": 1000,
            "min": 1000,
            "max": 1000
        }
    }
}