{
    "root_group": {
        "name": "",
        "path": "",
        "id": "d41d8cd98f00b204e9800998ecf8427e",
        "groups": {},
        "checks": {
                "status is 200": {
                    "name": "status is 200",
                    "path": "::status is 200",
                    "id": "6210a8cd14cd70477eba5c5e4cb3fb5f",
                    "passes": 13649,
                    "fails": 0
                }
            }
    },
    "metrics": {
        "vus_max": {
            "value": 100,
            "min": 100,
            "max": 100
        },
        "checks": {
            "passes": 13649,
            "fails": 0,
            "value": 1
        },
        "data_received": {
            "count": 9387612,
            "rate": 1168904.3160973417
        },
        "http_req_sending": {
            "max": 1.091,
            "count": 13649,
            "avg": 0.00899619019708451,
            "min": 0.002,
            "med": 0.005,
            "p(90)": 0.017,
            "p(95)": 0.022,
            "p(99)": 0.056
        },
        "iterations": {
            "count": 13649,
            "rate": 1699.5136793481258
        },
        "http_req_receiving": {
            "p(90)": 0.148,
            "p(95)": 0.209,
            "p(99)": 0.5345199999999999,
            "max": 93.792,
            "count": 13649,
            "avg": 0.0794564436955066,
            "min": 0.006,
            "med": 0.031
        },
        "data_sent": {
            "count": 4545117,
            "rate": 565938.0552229258
        },
        "vus": {
            "value": 100,
            "min": 100,
            "max": 100
        },
        "http_req_duration{expected_response:true}": {
            "max": 724.07,
            "count": 13649,
            "avg": 58.51232691039626,
            "min": 3.05,
            "med": 39.441,
            "p(90)": 130.9212,
            "p(95)": 177.8508,
            "p(99)": 309.07023999999967
        },
        "http_req_duration": {
            "p(99)": 309.07023999999967,
            "max": 724.07,
            "count": 13649,
            "avg": 58.51232691039626,
            "min": 3.05,
            "med": 39.441,
            "p(90)": 130.9212,
            "p(95)": 177.8508
        },
        "http_req_connecting": {
            "max": 10.825,
            "count": 13649,
            "avg": 0.06980877719979482,
            "min": 0,
            "med": 0,
            "p(90)": 0,
            "p(95)": 0,
            "p(99)": 0.2315199999999999
        },
        "http_req_waiting": {
            "min": 2.887,
            "med": 39.393,
            "p(90)": 130.8252,
            "p(95)": 177.73939999999988,
            "p(99)": 309.03763999999967,
            "max": 724.06,
            "count": 13649,
            "avg": 58.42387427650385
        },
        "http_req_blocked": {
            "p(95)": 0.006,
            "p(99)": 0.2725199999999999,
            "max": 17.625,
            "count": 13649,
            "avg": 0.09640706278845441,
            "min": 0,
            "med": 0.001,
            "p(90)": 0.005
        },
        "hot_post_latency_ms": {
            "med": 39.441,
            "p(90)": 130.9212,
            "p(95)": 177.8508,
            "p(99)": 309.07023999999967,
            "max": 724.07,
            "count": 13649,
            "avg": 58.51232691039626,
            "min": 3.05
        },
        "http_req_failed": {
            "passes": 0,
            "fails": 13649,
            "thresholds": {
                "rate==0": false
            },
            "value": 0
        },
        "iteration_duration": {
            "count": 13649,
            "avg": 58.698757136126986,
            "min": 3.155167,
            "med": 39.500375,
            "p(90)": 131.30575000000002,
            "p(95)": 178.5791414,
            "p(99)": 311.5046735199998,
            "max": 724.124583
        },
        "http_req_tls_handshaking": {
            "avg": 0,
            "min": 0,
            "med": 0,
            "p(90)": 0,
            "p(95)": 0,
            "p(99)": 0,
            "max": 0,
            "count": 13649
        },
        "http_reqs": {
            "count": 13649,
            "rate": 1699.5136793481258
        },
        "hot_post_non_200_rate": {
            "fails": 13649,
            "passes": 0,
            "thresholds": {
                "rate==0": false
            },
            "value": 0
        }
    }
}