{
    "metrics": {
        "http_req_blocked": {
            "p(90)": 0.005,
            "p(95)": 0.015,
            "p(99)": 34.75699999999999,
            "max": 152.12,
            "count": 12591,
            "avg": 1.2255106822336064,
            "min": 0,
            "med": 0.002
        },
        "hot_post_latency_ms": {
            "p(99)": 998.7921999999996,
            "max": 1547.932,
            "count": 12591,
            "avg": 319.0353330156461,
            "min": 4.62,
            "med": 267.699,
            "p(90)": 554.224,
            "p(95)": 719.5425
        },
        "http_req_duration": {
            "p(90)": 554.224,
            "p(95)": 719.5425,
            "p(99)": 998.7921999999996,
            "max": 1547.932,
            "count": 12591,
            "avg": 319.0353330156461,
            "min": 4.62,
            "med": 267.699
        },
        "http_req_waiting": {
            "p(90)": 554.205,
            "p(95)": 719.495,
            "p(99)": 998.7356999999997,
            "max": 1547.615,
            "count": 12591,
            "avg": 318.91886673020383,
            "min": 4.589,
            "med": 267.599
        },
        "hot_post_non_200_rate": {
            "passes": 0,
            "fails": 12591,
            "thresholds": {
                "rate==0": false
            },
            "value": 0
        },
        "http_req_duration{expected_response:true}": {
            "avg": 319.0353330156461,
            "min": 4.62,
            "med": 267.699,
            "p(90)": 554.224,
            "p(95)": 719.5425,
            "p(99)": 998.7921999999996,
            "max": 1547.932,
            "count": 12591
        },
        "data_sent": {
            "count": 4192803,
            "rate": 510816.029485204
        },
        "http_req_failed": {
            "passes": 0,
            "fails": 12591,
            "thresholds": {
                "rate==0": false
            },
            "value": 0
        },
        "http_req_receiving": {
            "max": 7.411,
            "count": 12591,
            "avg": 0.08367699150186485,
            "min": 0.006,
            "med": 0.039,
            "p(90)": 0.17,
            "p(95)": 0.25949999999999945,
            "p(99)": 0.637
        },
        "data_received": {
            "count": 8662608,
            "rate": 1055379.6645219831
        },
        "iteration_duration": {
            "p(99)": 998.9016169999996,
            "max": 1548.177292,
            "count": 12591,
            "avg": 320.3750173133178,
            "min": 4.700625,
            "med": 268.140833,
            "p(90)": 557.934,
            "p(95)": 721.6101459999995
        },
        "vus_max": {
            "value": 500,
            "min": 500,
            "max": 500
        },
        "checks": {
            "passes": 12591,
            "fails": 0,
            "value": 1
        },
        "vus": {
            "value": 500,
            "min": 500,
            "max": 500
        },
        "http_req_sending": {
            "med": 0.006,
            "p(90)": 0.021,
            "p(95)": 0.036,
            "p(99)": 0.7547999999999991,
            "max": 6.761,
            "count": 12591,
            "avg": 0.032789293940114594,
            "min": 0.002
        },
        "http_req_tls_handshaking": {
            "max": 0,
            "count": 12591,
            "avg": 0,
            "min": 0,
            "med": 0,
            "p(90)": 0,
            "p(95)": 0,
            "p(99)": 0
        },
        "http_req_connecting": {
            "p(95)": 0,
            "p(99)": 32.4554,
            "max": 127.465,
            "count": 12591,
            "avg": 1.0132898896036848,
            "min": 0,
            "med": 0,
            "p(90)": 0
        },
        "iterations": {
            "count": 12591,
            "rate": 1533.9820705261384
        },
        "http_reqs": {
            "count": 12591,
            "rate": 1533.9820705261384
        }
    },
    "root_group": {
        "name": "",
        "path": "",
        "id": "d41d8cd98f00b204e9800998ecf8427e",
        "groups": {},
        "checks": {
                "status is 200": {
                    "fails": 0,
                    "name": "status is 200",
                    "path": "::status is 200",
                    "id": "6210a8cd14cd70477eba5c5e4cb3fb5f",
                    "passes": 12591
                }
            }
    }
}